<?xml version="1.0" encoding="UTF-8"?>
<jcr:root xmlns:sling="http://sling.apache.org/jcr/sling/1.0" xmlns:cq="http://www.day.com/jcr/cq/1.0" xmlns:jcr="http://www.jcp.org/jcr/1.0" xmlns:nt="http://www.jcp.org/jcr/nt/1.0"
    jcr:primaryType="cq:Page">
    <jcr:content
        cq:allowedTemplates="[/conf/myproject/settings/wcm/templates/(?!xf-).*]"
        cq:conf="/conf/myproject"
        cq:redirectTarget="/content/myproject/us/en"
        cq:template="/conf/myproject/settings/wcm/templates/page-content"
        jcr:primaryType="cq:PageContent"
        jcr:title="AEM Sample Sites Project"
        sling:configRef="/conf/myproject"
        sling:redirect="{Boolean}true"
        sling:redirectStatus="{Long}302"
        sling:resourceType="myproject/components/page">
        <image jcr:primaryType="nt:unstructured">
            <file/>
        </image>
    </jcr:content>
    <global/>
    <sites/>
    <language-masters/>
    <us/>
</jcr:root>
