<?xml version="1.0" encoding="UTF-8"?>
<jcr:root xmlns:sling="http://sling.apache.org/jcr/sling/1.0" xmlns:cq="http://www.day.com/jcr/cq/1.0" xmlns:jcr="http://www.jcp.org/jcr/1.0" xmlns:nt="http://www.jcp.org/jcr/nt/1.0"
    jcr:primaryType="cq:Page">
    <jcr:content
        cq:lastModified="{Date}2022-08-13T13:02:50.917+05:30"
        cq:lastModifiedBy="admin"
        cq:template="/conf/myproject/settings/wcm/templates/page-content"
        jcr:primaryType="cq:PageContent"
        jcr:title="International"
        sling:resourceType="myproject/components/page">
        <root
            jcr:primaryType="nt:unstructured"
            sling:resourceType="myproject/components/container"
            layout="responsiveGrid">
            <container
                jcr:primaryType="nt:unstructured"
                sling:resourceType="myproject/components/container"
                layout="responsiveGrid">
                <title
                    jcr:primaryType="nt:unstructured"
                    sling:resourceType="myproject/components/title"/>
                <container
                    jcr:primaryType="nt:unstructured"
                    sling:resourceType="myproject/components/container"
                    layout="responsiveGrid">
                    <title
                        jcr:created="{Date}2022-08-13T13:02:35.476+05:30"
                        jcr:createdBy="admin"
                        jcr:lastModified="{Date}2022-08-13T13:02:50.914+05:30"
                        jcr:lastModifiedBy="admin"
                        jcr:primaryType="nt:unstructured"
                        jcr:title="We are truly global!"
                        sling:resourceType="myproject/components/title"
                        type="h2"/>
                    <experiencefragment
                        jcr:created="{Date}2022-08-12T22:35:55.606+05:30"
                        jcr:createdBy="admin"
                        jcr:lastModified="{Date}2022-08-13T12:49:24.748+05:30"
                        jcr:lastModifiedBy="admin"
                        jcr:primaryType="nt:unstructured"
                        sling:resourceType="myproject/components/experiencefragment"
                        fragmentVariationPath="/content/experience-fragments/myproject/global/xf/in_tl">
                        <cq:responsive jcr:primaryType="nt:unstructured">
                            <default
                                jcr:primaryType="nt:unstructured"
                                offset="0"
                                width="12"/>
                        </cq:responsive>
                    </experiencefragment>
                </container>
            </container>
        </root>
    </jcr:content>
    <test/>
</jcr:root>
