<?xml version="1.0" encoding="UTF-8"?>
<jcr:root xmlns:sling="http://sling.apache.org/jcr/sling/1.0" xmlns:cq="http://www.day.com/jcr/cq/1.0" xmlns:jcr="http://www.jcp.org/jcr/1.0" xmlns:nt="http://www.jcp.org/jcr/nt/1.0"
    jcr:primaryType="cq:Page">
    <jcr:content
        cq:lastModified="{Date}2022-08-13T12:39:36.794+05:30"
        cq:lastModifiedBy="admin"
        cq:tags="[]"
        cq:template="/conf/myproject/settings/wcm/templates/xf-web-variation"
        cq:xfMasterVariation="{Boolean}true"
        cq:xfVariantType="web"
        jcr:primaryType="cq:PageContent"
        jcr:title="Experience Fragment"
        sling:resourceType="myproject/components/xfpage">
        <root
            jcr:primaryType="nt:unstructured"
            sling:resourceType="myproject/components/container"
            layout="responsiveGrid">
            <title
                jcr:created="{Date}2022-08-13T12:01:19.465+05:30"
                jcr:createdBy="admin"
                jcr:lastModified="{Date}2022-08-13T12:02:32.680+05:30"
                jcr:lastModifiedBy="admin"
                jcr:primaryType="nt:unstructured"
                jcr:title="                                        Jelly Fish"
                sling:resourceType="myproject/components/title"
                type="h1"/>
            <separator
                jcr:created="{Date}2022-08-13T12:39:27.663+05:30"
                jcr:createdBy="admin"
                jcr:lastModified="{Date}2022-08-13T12:39:27.663+05:30"
                jcr:lastModifiedBy="admin"
                jcr:primaryType="nt:unstructured"
                sling:resourceType="myproject/components/separator"/>
            <image
                jcr:created="{Date}2022-08-13T11:31:13.601+05:30"
                jcr:createdBy="admin"
                jcr:lastModified="{Date}2022-08-13T11:31:33.558+05:30"
                jcr:lastModifiedBy="admin"
                jcr:primaryType="nt:unstructured"
                sling:resourceType="myproject/components/image"
                altValueFromDAM="true"
                displayPopupTitle="true"
                fileReference="/content/dam/myproject/jellyfish-1033538_1920.jpg"
                isDecorative="false"
                titleValueFromDAM="true">
                <cq:responsive jcr:primaryType="nt:unstructured">
                    <default
                        jcr:primaryType="nt:unstructured"
                        offset="0"
                        width="6"/>
                </cq:responsive>
            </image>
            <text
                jcr:created="{Date}2022-08-13T11:31:44.563+05:30"
                jcr:createdBy="admin"
                jcr:lastModified="{Date}2022-08-13T11:51:33.956+05:30"
                jcr:lastModifiedBy="admin"
                jcr:primaryType="nt:unstructured"
                sling:resourceType="myproject/components/text"
                text="&lt;h1>&lt;i>&amp;nbsp;&amp;nbsp;&amp;nbsp;&amp;nbsp;Netherlands&lt;/i>&lt;/h1>&#xd;&#xa;"
                textIsRich="true">
                <cq:responsive jcr:primaryType="nt:unstructured">
                    <default
                        jcr:primaryType="nt:unstructured"
                        offset="0"
                        width="6"/>
                </cq:responsive>
            </text>
            <list
                jcr:created="{Date}2022-08-13T11:32:33.541+05:30"
                jcr:createdBy="admin"
                jcr:lastModified="{Date}2022-08-13T11:33:38.958+05:30"
                jcr:lastModifiedBy="admin"
                jcr:primaryType="nt:unstructured"
                sling:resourceType="myproject/components/list"
                childDepth="1"
                linkItems="true"
                listFrom="static"
                pages="[/content/myproject/sites/nl/en_nl,/content/myproject/sites/nl/en_be]"
                showDescription="true"
                showModificationDate="false"
                sortOrder="asc"
                tagsMatch="any">
                <cq:responsive jcr:primaryType="nt:unstructured">
                    <default
                        jcr:primaryType="nt:unstructured"
                        offset="0"
                        width="6"/>
                </cq:responsive>
            </list>
            <text_1580510513
                jcr:created="{Date}2022-08-13T11:32:25.226+05:30"
                jcr:createdBy="admin"
                jcr:lastModified="{Date}2022-08-13T11:51:42.743+05:30"
                jcr:lastModifiedBy="admin"
                jcr:primaryType="nt:unstructured"
                sling:resourceType="myproject/components/text"
                text="&lt;h1>&lt;i>&amp;nbsp;&amp;nbsp;&amp;nbsp;&amp;nbsp;Asia Pacific&lt;/i>&lt;/h1>&#xd;&#xa;"
                textIsRich="true">
                <cq:responsive jcr:primaryType="nt:unstructured">
                    <default
                        jcr:primaryType="nt:unstructured"
                        offset="0"
                        width="6"/>
                </cq:responsive>
            </text_1580510513>
            <list_copy
                jcr:created="{Date}2022-08-13T11:32:33.541+05:30"
                jcr:createdBy="admin"
                jcr:lastModified="{Date}2022-08-13T11:34:51.510+05:30"
                jcr:lastModifiedBy="admin"
                jcr:primaryType="nt:unstructured"
                sling:resourceType="myproject/components/list"
                childDepth="1"
                linkItems="true"
                listFrom="static"
                pages="[/content/myproject/sites/ap/en_ap,/content/myproject/sites/ap/en_ak]"
                showDescription="true"
                showModificationDate="false"
                sortOrder="asc"
                tagsMatch="any">
                <cq:responsive jcr:primaryType="nt:unstructured">
                    <default
                        jcr:primaryType="nt:unstructured"
                        offset="0"
                        width="6"/>
                </cq:responsive>
            </list_copy>
            <text_1580510513_copy
                jcr:created="{Date}2022-08-13T11:32:25.226+05:30"
                jcr:createdBy="admin"
                jcr:lastModified="{Date}2022-08-13T11:51:52.469+05:30"
                jcr:lastModifiedBy="admin"
                jcr:primaryType="nt:unstructured"
                sling:resourceType="myproject/components/text"
                text="&lt;h1>&lt;i>&amp;nbsp;&amp;nbsp;&amp;nbsp;&amp;nbsp;Middle East&lt;/i>&lt;/h1>&#xd;&#xa;"
                textIsRich="true"/>
            <list_copy_copy
                jcr:created="{Date}2022-08-13T11:32:33.541+05:30"
                jcr:createdBy="admin"
                jcr:lastModified="{Date}2022-08-13T11:35:54.988+05:30"
                jcr:lastModifiedBy="admin"
                jcr:primaryType="nt:unstructured"
                sling:resourceType="myproject/components/list"
                childDepth="1"
                linkItems="true"
                listFrom="static"
                pages="[/content/myproject/sites/me/en_me,/content/myproject/sites/me/en_mz]"
                showDescription="true"
                showModificationDate="false"
                sortOrder="asc"
                tagsMatch="any"/>
        </root>
    </jcr:content>
</jcr:root>
